Workbook

Sheet TD
A1: notes | D1: PID | E1: visit | F1: session | H1: order | I1: index | J1: subject | K1: MedianRT | L1: MeanACC | M1: ACC | N1: New. Social Affect Total | O1: Current Total B - Verbal: Qualitative Abnormalities in Communication | P1: WIATII Word Reading (stan.) | Q1: WIATII Reading Comp (stan.) | R1: Age scan | S1: WASI FSIQ | T1: WASI PIQ | U1: WASI VIQ | W1: study | X1: group | Y1: Gender
B2: 336_5 | C2: =CONCATENATE(D2,"_",E2) -> 336_5 | D2: 336 | E2: 5 | F2: 1 | G2: TD | H2: 1 | I2: 41 | J2: 336 | K2: 875 | L2: 0.94444444 | M2: 51 | N2: NA | O2: NA | P2: 99 | Q2: 106 | R2: 15 | S2: 114 | T2: 116 | U2: 109 | V2: 336_visit5 | W2: 38: Cross-sect Auditory Autism Voice Identification | X2: TD | Y2: Male
B3: 457_4 | C3: =CONCATENATE(D3,"_",E3) -> 457_4 | D3: 457 | E3: 4 | F3: 1 | G3: TD | H3: 2 | I3: 42 | J3: 457 | K3: 532 | L3: 1 | M3: 54 | N3: NA | O3: NA | P3: 117 | Q3: 125 | R3: 14 | S3: 128 | T3: 121 | U3: 128 | V3: 457_visit4 | W3: 38: Cross-sect Auditory Autism Voice Identification | X3: TD | Y3: Male
A4: this says not collected (wiatIII, but has wiat scores for this visit on box) | B4: 7014_4 | C4: =CONCATENATE(D4,"_",E4) -> 7014_4 | D4: 7014 | E4: 4 | F4: 1 | G4: TD | H4: 3 | I4: 43 | J4: 7014 | K4: 281.5 | L4: 1 | M4: 54 | N4: NA | O4: NA | P4: 123 | Q4: 126 | R4: 9.7146 | S4: 119 | T4: 108 | U4: 126 | V4: 7014_visit4 | W4: 31.1: Auditory Autism Voice Identification | X4: TD | Y4: Male
A5: spreadsheet scores: 117 118 112, scores from redcap are as listed… | B5: 7081_4 | C5: =CONCATENATE(D5,"_",E5) -> 7081_4 | D5: 7081 | E5: 4 | F5: 1 | G5: TD | H5: 4 | I5: 44 | J5: 7081 | K5: 819.5 | L5: 0.90740741 | M5: 49 | N5: NA | O5: NA | P5: 114 | Q5: 109 | R5: 9.6954 | S5: 107 | T5: 120 | U5: 93 | V5: 7081_visit4 | W5: 31.1: Auditory Autism Voice Identification | X5: TD | Y5: Male
B6: 7112_2 | C6: =CONCATENATE(D6,"_",E6) -> 7112_2 | D6: 7112 | E6: 2 | F6: 1 | G6: TD | H6: 5 | I6: 45 | J6: 7112 | K6: 541 | L6: 0.83333333 | M6: 45 | N6: NA | O6: NA | P6: 114 | Q6: 99 | R6: 9 | S6: 113 | T6: 105 | U6: 119 | V6: 7112_visit2 | W6: 31.1: Auditory Autism Voice Identification | X6: TD | Y6: Female
B7: 7178_3 | C7: =CONCATENATE(D7,"_",E7) -> 7178_3 | D7: 7178 | E7: 3 | F7: 1 | G7: TD | H7: 6 | I7: 46 | J7: 7178 | K7: 618.5 | L7: 1 | M7: 54 | N7: NA | O7: NA | P7: 120 | Q7: 108 | R7: 10.4079 | S7: 127 | T7: 115 | U7: 134 | V7: 7178_visit3 | W7: 31.1: Auditory Autism Voice Identification | X7: TD | Y7: Male
B8: 7185_5 | C8: =CONCATENATE(D8,"_",E8) -> 7185_5 | D8: 7185 | E8: 5 | F8: 1 | G8: TD | H8: 7 | I8: 47 | J8: 7185 | K8: 303.5 | L8: 0.98148148 | M8: 53 | N8: NA | O8: NA | P8: 114 | Q8: 106 | R8: 11.3997 | S8: 116 | T8: 106 | U8: 122 | V8: 7185_visit5 | W8: 31.1: Auditory Autism Voice Identification | X8: TD | Y8: Male
B9: 7211_4 | C9: =CONCATENATE(D9,"_",E9) -> 7211_4 | D9: 7211 | E9: 4 | F9: 1 | G9: TD | H9: 8 | I9: 48 | J9: 7211 | K9: 308 | L9: 0.98148148 | M9: 53 | N9: NA | O9: NA | P9: 119 | Q9: 116 | R9: 9.4435 | S9: 109 | T9: 94 | U9: 125 | V9: 7211_visit4 | W9: 31.1: Auditory Autism Voice Identification | X9: TD | Y9: Male
B10: 7281_4 | C10: =CONCATENATE(D10,"_",E10) -> 7281_4 | D10: 7281 | E10: 4 | F10: 1 | G10: TD | H10: 9 | I10: 49 | J10: 7281 | K10: 509 | L10: 0.98148148 | M10: 53 | N10: NA | O10: NA | P10: 115 | Q10: 123 | R10: 9.3669 | S10: 109 | T10: 104 | U10: 111 | V10: 7281_visit4 | W10: 31.1: Auditory Autism Voice Identification | X10: TD | Y10: Male
B11: 7330_1 | C11: =CONCATENATE(D11,"_",E11) -> 7330_1 | D11: 7330 | E11: 1 | F11: 1 | G11: TD | H11: 10 | I11: 50 | J11: 7330 | K11: 314.5 | L11: 0.98148148 | M11: 53 | N11: NA | O11: NA | P11: 112 | Q11: 114 | R11: 12 | S11: 124 | T11: 116 | U11: 126 | V11: 7330_visit1 | W11: 31.1: Auditory Autism Voice Identification | X11: TD | Y11: Male
B12: 7331_2 | C12: =CONCATENATE(D12,"_",E12) -> 7331_2 | D12: 7331 | E12: 2 | F12: 1 | G12: TD | H12: 11 | I12: 51 | J12: #N/A | N12: NA | O12: NA | P12: 102 | Q12: 106 | R12: 12 | S12: 102 | T12: 116 | U12: 89 | V12: 7331_visit2 | W12: 31.1: Auditory Autism Voice Identification | X12: TD | Y12: Male
B13: 7371_2 | C13: =CONCATENATE(D13,"_",E13) -> 7371_2 | D13: 7371 | E13: 2 | F13: 1 | G13: TD | H13: 12 | I13: 52 | J13: 7371 | K13: 386 | L13: 1 | M13: 54 | N13: NA | O13: NA | P13: 124 | Q13: 116 | R13: 8.9528 | S13: 140 | T13: 145 | U13: 125 | V13: 7371_visit2 | W13: 31.1: Auditory Autism Voice Identification | X13: TD | Y13: Male
B14: 7372_3 | C14: =CONCATENATE(D14,"_",E14) -> 7372_3 | D14: 7372 | E14: 3 | F14: 1 | G14: TD | H14: 13 | I14: 53 | J14: 7372 | K14: 235.5 | L14: 0.98148148 | M14: 53 | N14: NA | O14: NA | P14: 102 | Q14: 105 | R14: 9.0821 | S14: 104 | T14: 93 | U14: 113 | V14: 7372_visit3 | W14: 31.1: Auditory Autism Voice Identification | X14: TD | Y14: Female
B15: 7384_1 | C15: =CONCATENATE(D15,"_",E15) -> 7384_1 | D15: 7384 | E15: 1 | F15: 1 | G15: TD | H15: 14 | I15: 54 | J15: 7384 | K15: 427 | L15: 0.96296296 | M15: 52 | N15: NA | O15: NA | P15: 123 | Q15: 114 | R15: 7 | S15: 110 | T15: 108 | U15: 109 | V15: 7384_visit1 | W15: 31.1: Auditory Autism Voice Identification | X15: TD | Y15: Male
B16: 7395_1 | C16: =CONCATENATE(D16,"_",E16) -> 7395_1 | D16: 7395 | E16: 1 | F16: 1 | G16: TD | H16: 15 | I16: 55 | J16: 7395 | K16: 255.5 | L16: 1 | M16: 54 | N16: NA | O16: NA | P16: 124 | Q16: 124 | R16: 8 | S16: 120 | T16: 108 | U16: 128 | V16: 7395_visit1 | W16: 31.1: Auditory Autism Voice Identification | X16: TD | Y16: Male
B17: 7413_1 | C17: =CONCATENATE(D17,"_",E17) -> 7413_1 | D17: 7413 | E17: 1 | F17: 1 | G17: TD | H17: 16 | I17: 56 | J17: 7413 | K17: 332.5 | L17: 0.94444444 | M17: 51 | N17: NA | O17: NA | P17: 108 | Q17: 106 | R17: 9 | S17: 113 | T17: 111 | U17: 110 | V17: 7413_visit1 | W17: 31.1: Auditory Autism Voice Identification | X17: TD | Y17: Male
B18: 7437_2 | C18: =CONCATENATE(D18,"_",E18) -> 7437_2 | D18: 7437 | E18: 2 | F18: 1 | G18: TD | H18: 17 | I18: 57 | J18: 7437 | K18: 327 | L18: 0.96296296 | M18: 52 | N18: NA | O18: NA | P18: 115 | Q18: 129 | R18: 14 | S18: 135 | T18: 131 | U18: 131 | V18: 7437_visit2 | W18: 38: Cross-sect Auditory Autism Voice Identification | X18: TD | Y18: Male
B19: 7438_2 | C19: =CONCATENATE(D19,"_",E19) -> 7438_2 | D19: 7438 | E19: 2 | F19: 1 | G19: TD | H19: 18 | I19: 58 | J19: 7438 | K19: 205 | L19: 1 | M19: 54 | N19: NA | O19: NA | P19: 117 | Q19: 134 | R19: 11.1588 | S19: 127 | T19: 126 | U19: 122 | V19: 7438_visit2 | W19: 31.1: Auditory Autism Voice Identification | X19: TD | Y19: Male
B20: 7446_1 | C20: =CONCATENATE(D20,"_",E20) -> 7446_1 | D20: 7446 | E20: 1 | F20: 1 | G20: TD | H20: 19 | I20: 59 | J20: 7446 | K20: 760.5 | L20: 0.98148148 | M20: 53 | N20: NA | O20: NA | P20: 119 | Q20: 120 | R20: 7.898 | S20: 127 | T20: 102 | U20: 148 | V20: 7446_visit1 | W20: 31.1: Auditory Autism Voice Identification | X20: TD | Y20: Female
B21: 7489_3 | C21: =CONCATENATE(D21,"_",E21) -> 7489_3 | D21: 7489 | E21: 3 | F21: 1 | G21: TD | H21: 20 | I21: 60 | J21: 7489 | K21: 485 | L21: 1 | M21: 54 | N21: NA | O21: NA | P21: 99 | Q21: 101 | R21: 9.46 | S21: 108 | T21: 109 | U21: 105 | V21: 7489_visit3 | W21: 31.1: Auditory Autism Voice Identification | X21: TD | Y21: Female
B22: 7498_2 | C22: =CONCATENATE(D22,"_",E22) -> 7498_2 | D22: 7498 | E22: 2 | F22: 1 | G22: TD | H22: 21 | I22: 61 | J22: 7498 | K22: 338.5 | L22: 0.92592593 | M22: 50 | N22: NA | O22: NA | P22: 112 | Q22: 120 | R22: 8.1451 | S22: 103 | T22: 89 | U22: 116 | V22: 7498_visit2 | W22: 31.1: Auditory Autism Voice Identification | X22: TD | Y22: Female
B23: 7540_1 | C23: =CONCATENATE(D23,"_",E23) -> 7540_1 | D23: 7540 | E23: 1 | F23: 1 | G23: TD | H23: 22 | I23: 62 | J23: 7540 | K23: 500.5 | L23: 0.98148148 | M23: 53 | N23: NA | O23: NA | P23: 116 | Q23: 123 | R23: 15 | S23: 112 | T23: 115 | U23: 107 | V23: 7540_visit1 | W23: 38: Cross-sect Auditory Autism Voice Identification | X23: TD | Y23: Male
B24: 7543_1 | C24: =CONCATENATE(D24,"_",E24) -> 7543_1 | D24: 7543 | E24: 1 | F24: 1 | G24: TD | H24: 23 | I24: 63 | J24: 7543 | K24: 210.5 | L24: 1 | M24: 54 | N24: NA | O24: NA | P24: 108 | Q24: 86 | R24: 17 | S24: 108 | T24: 108 | U24: 107 | V24: 7543_visit1 | W24: 38: Cross-sect Auditory Autism Voice Identification | X24: TD | Y24: Male
... B41: 7710_1 | C41: =CONCATENATE(D41,"_",E41) -> 7710_1 | D41: 7710 | E41: 1 | F41: 1 | G41: TD | H41: 40 | I41: 80 | J41: 7710 | K41: 296 | L41: 1 | M41: 54 | N41: NA | O41: NA | P41: 119 | Q41: 122 | R41: 13 | S41: 130 | T41: 126 | U41: 128 | V41: 7710_visit1 | W41: 38: Cross-sect Auditory Autism Voice Identification | X41: TD | Y41: Female

Sheet ASD
C1: PID | D1: visit | E1: session | F1: group | G1: order | H1: index | I1: subject | K1: MedianRT | L1: MeanACC | M1: ACC | N1: New. Social Affect Total | O1: Diagnostic Total A: Qualitative Abnormalities in Reciprocal Social Interaction | P1: Diagnostic Total B - Verbal: Qualitative Abnormalities in Communication | Q1: Diagnostic Total C: Restricted, Repetitive, and Stereotyped Patterns of Behavior | R1: Diagnostic Total D: Abnormality of Development Evident at or Before 36 Months | S1: WIATII Word Reading | T1: WIATII Reading Comp | U1: Age scan | V1: WASI FSIQ | W1: WASI PIQ | X1: WASI VIQ | Z1: study | AA1: group | AB1: Gender
A2: 4017_4 | B2: =CONCATENATE(C2,"_",D2) -> 4017_4 | C2: 4017 | D2: 4 | E2: 1 | F2: ASD | G2: 1 | H2: 1 | I2: 4017 | K2: 722.5 | L2: 0.666667 | M2: 36 | N2: 16 | O2: 24 | P2: 15 | Q2: 8 | R2: 5 | S2: 105 | T2: 91 | U2: 12.115 | V2: 106 | W2: 103 | X2: 108 | Y2: 4017_visit4 | Z2: 31.1: Auditory Autism Voice Identification | AA2: ASD | AB2: Male
A3: 4023_3 | B3: =CONCATENATE(C3,"_",D3) -> 4023_3 | C3: 4023 | D3: 3 | E3: 1 | F3: ASD | G3: 2 | H3: 2 | I3: 4023 | K3: 336 | L3: 1 | M3: 54 | N3: 11 | O3: 24 | P3: 19 | Q3: 10 | R3: 5 | S3: 103 | T3: 93 | U3: 14 | V3: 99 | W3: 98 | X3: 98 | Y3: 4023_visit3 | Z3: 38: Cross-sect Auditory Autism Voice Identification | AA3: ASD | AB3: Male
A4: 4058_2 | B4: =CONCATENATE(C4,"_",D4) -> 4058_2 | C4: 4058 | D4: 2 | E4: 1 | F4: ASD | G4: 3 | H4: 3 | I4: 4058 | K4: 238 | L4: 1 | M4: 54 | N4: 10 | O4: 24 | P4: 17 | Q4: 10 | R4: 3 | S4: 108 | T4: 46 | U4: 12.6927 | V4: 85 | W4: 87 | X4: 87 | Y4: 4058_visit2 | Z4: 31.1: Auditory Autism Voice Identification | AA4: ASD | AB4: Male
A5: 4062_3 | B5: =CONCATENATE(C5,"_",D5) -> 4062_3 | C5: 4062 | D5: 3 | E5: 1 | F5: ASD | G5: 4 | H5: 4 | I5: 4062 | K5: 254.5 | L5: 0.87037037 | M5: 47 | N5: 10 | O5: 18 | P5: 16 | Q5: 8 | R5: 3 | S5: 91 | T5: 98 | U5: 14 | V5: 91 | W5: 98 | X5: 87 | Y5: 4062_visit3 | Z5: 38: Cross-sect Auditory Autism Voice Identification | AA5: ASD | AB5: Male
A6: 4074_2 | B6: =CONCATENATE(C6,"_",D6) -> 4074_2 | C6: 4074 | D6: 2 | E6: 1 | F6: ASD | G6: 5 | H6: 5 | I6: 4074 | K6: 386 | L6: 0.98148148 | M6: 53 | N6: 10 | O6: 22 | P6: 19 | Q6: 4 | R6: 5 | S6: 119 | T6: 129 | U6: 16 | V6: 110 | W6: 99 | X6: 120 | Y6: 4074_visit2 | Z6: 38: Cross-sect Auditory Autism Voice Identification | AA6: ASD | AB6: Male
A7: 4076_2 | B7: =CONCATENATE(C7,"_",D7) -> 4076_2 | C7: 4076 | D7: 2 | E7: 1 | F7: ASD | G7: 6 | H7: 6 | I7: 4076 | K7: 300.5 | L7: 0.98148148 | M7: 53 | N7: 10 | O7: 16 | P7: 7 | Q7: 2 | R7: 1 | S7: 121 | T7: 122 | U7: 13 | V7: 139 | W7: 121 | X7: 146 | Y7: 4076_visit2 | Z7: 38: Cross-sect Auditory Autism Voice Identification | AA7: ASD | AB7: Male
A8: 4079_3 | B8: =CONCATENATE(C8,"_",D8) -> 4079_3 | C8: 4079 | D8: 3 | E8: 1 | F8: ASD | G8: 7 | H8: 7 | I8: 4079 | K8: 352.5 | L8: 0.962963 | M8: 52 | N8: 8 | O8: 9 | P8: 10 | Q8: 7 | R8: 2 | S8: 96 | T8: 92 | U8: 12 | V8: 93 | W8: 99 | X8: 88 | Y8: 4079_visit3 | Z8: 31.1: Auditory Autism Voice Identification | AA8: ASD | AB8: Male
A9: 7176_2 | B9: =CONCATENATE(C9,"_",D9) -> 7176_2 | C9: 7176 | D9: 2 | E9: 1 | F9: ASD | G9: 8 | H9: 8 | I9: 7176 | K9: 254.5 | L9: 0.962963 | M9: 52 | N9: 9 | O9: 17 | P9: 11 | Q9: 5 | R9: 1 | S9: 129 | T9: 119 | U9: 10.0794 | V9: 150 | W9: 145 | X9: 142 | Y9: 7176_visit2 | Z9: 31.1: Auditory Autism Voice Identification | AA9: ASD | AB9: Male
A10: 7253_2 | B10: =CONCATENATE(C10,"_",D10) -> 7253_2 | C10: 7253 | D10: 2 | E10: 1 | F10: ASD | G10: 9 | H10: 9 | I10: 7253 | K10: 197.5 | L10: 1 | M10: 54 | N10: 8 | O10: 22 | P10: 21 | Q10: 6 | R10: 2 | S10: 109 | T10: 113 | U10: 12.9938 | V10: 114 | W10: 119 | X10: 106 | Y10: 7253_visit2 | Z10: 31.1: Auditory Autism Voice Identification | AA10: ASD | AB10: Male
A11: 7266_2 | B11: =CONCATENATE(C11,"_",D11) -> 7266_2 | C11: 7266 | D11: 2 | E11: 1 | F11: ASD | G11: 10 | H11: 10 | I11: 7266 | K11: 156.5 | L11: 1 | M11: 54 | N11: 11 | O11: 16 | P11: 14 | Q11: 3 | R11: 2 | S11: 117 | T11: 122 | U11: 10.9938 | V11: 113 | W11: 104 | X11: 119 | Y11: 7266_visit2 | Z11: 31.1: Auditory Autism Voice Identification | AA11: ASD | AB11: Male
A12: 7307_3 | B12: =CONCATENATE(C12,"_",D12) -> 7307_3 | C12: 7307 | D12: 3 | E12: 1 | F12: ASD | G12: 11 | H12: 11 | I12: 7307 | K12: 285 | L12: 1 | M12: 54 | N12: 10 | O12: 19 | P12: 16 | Q12: 5 | R12: 4 | S12: 120 | T12: 121 | U12: 9.4764 | V12: 123 | W12: 129 | X12: 111 | Y12: 7307_visit3 | Z12: 31.1: Auditory Autism Voice Identification | AA12: ASD | AB12: Male
A13: 7309_2 | B13: =CONCATENATE(C13,"_",D13) -> 7309_2 | C13: 7309 | D13: 2 | E13: 1 | F13: ASD | G13: 12 | H13: 12 | I13: 7309 | K13: 266 | L13: 0.648148 | M13: 35 | N13: 11 | O13: 26 | P13: 23 | Q13: 11 | R13: 3 | S13: 88 | T13: 91 | U13: 8.8159 | V13: 85 | W13: 86 | X13: 87 | Y13: 7309_visit2 | Z13: 31.1: Auditory Autism Voice Identification | AA13: ASD | AB13: Male
... A32: 7657_1 | B32: =CONCATENATE(C32,"_",D32) -> 7657_1 | C32: 7657 | D32: 1 | E32: 1 | F32: ASD | G32: 31 | H32: 31 | I32: 7657 | K32: 345.5 | L32: 0.94444444 | M32: 51 | N32: 7 | O32: 24 | P32: 21 | Q32: 7 | R32: 4 | S32: 107 | T32: 115 | U32: 13 | V32: 114 | W32: 100 | X32: 126 | Y32: 7657_visit1 | Z32: 38: Cross-sect Auditory Autism Voice Identification | AA32: ASD | AB32: Male
A33: 7685_1 | B33: =CONCATENATE(C33,"_",D33) -> 7685_1 | C33: 7685 | D33: 1 | E33: 1 | F33: ASD | G33: 32 | H33: 32 | I33: #N/A | N33: 5 | O33: 12 | P33: 7 | Q33: 3 | R33: 4 | S33: 113 | T33: 100 | U33: 17 | V33: 118 | W33: 115 | X33: 117 | Y33: 7685_visit1 | Z33: 38: Cross-sect Auditory Autism Voice Identification | AA33: ASD | AB33: Male
A34: 7686_1 | B34: =CONCATENATE(C34,"_",D34) -> 7686_1 | C34: 7686 | D34: 1 | E34: 1 | F34: ASD | G34: 33 | H34: 33 | I34: #N/A | N34: 6 | O34: 24 | P34: 13 | Q34: 4 | R34: 4 | S34: 112 | T34: 91 | U34: 13 | V34: 99 | W34: 108 | X34: 89 | Y34: 7686_visit1 | Z34: 38: Cross-sect Auditory Autism Voice Identification | AA34: ASD | AB34: Female
A35: 7693_1 | B35: =CONCATENATE(C35,"_",D35) -> 7693_1 | C35: 7693 | D35: 1 | E35: 1 | F35: ASD | G35: 34 | H35: 34 | I35: 7693 | K35: 608 | L35: 0.94444444 | M35: 51 | N35: 8 | O35: 23 | P35: 20 | Q35: 2 | R35: 5 | S35: 110 | T35: 123 | U35: 16 | V35: 120 | W35: 129 | X35: 108 | Y35: 7693_visit1 | Z35: 38: Cross-sect Auditory Autism Voice Identification | AA35: ASD | AB35: Male
A36: 7695_1 | B36: =CONCATENATE(C36,"_",D36) -> 7695_1 | C36: 7695 | D36: 1 | E36: 1 | F36: ASD | G36: 35 | H36: 35 | I36: 7695 | K36: 272 | L36: 1 | M36: 54 | N36: 8 | O36: 14 | P36: 10 | Q36: 0 | R36: 2 | S36: 110 | T36: 115 | U36: 16 | V36: 107 | W36: 89 | X36: 123 | Y36: 7695_visit1 | Z36: 38: Cross-sect Auditory Autism Voice Identification | AA36: ASD | AB36: Female
A37: 7730_1 | B37: =CONCATENATE(C37,"_",D37) -> 7730_1 | C37: 7730 | D37: 1 | E37: 1 | F37: ASD | G37: 36 | H37: 36 | I37: 7730 | K37: 489.5 | L37: 0.66666667 | M37: 36 | N37: 17 | P37: Missing | S37: 85 | T37: 104 | U37: 12 | V37: 99 | W37: 105 | X37: 91 | Y37: 7730_visit1 | Z37: 38: Cross-sect Auditory Autism Voice Identification | AA37: ASD | AB37: Male
A38: 7758_1 | B38: =CONCATENATE(C38,"_",D38) -> 7758_1 | C38: 7758 | D38: 1 | E38: 1 | F38: ASD | G38: 38 | H38: 38 | I38: 7758 | K38: 646 | L38: 1 | M38: 54 | N38: 13 | O38: 23 | P38: 22 | Q38: 8 | R38: 5 | S38: 120 | T38: 105 | U38: 14 | V38: 114 | W38: 100 | X38: 127 | Y38: 7758_visit1 | Z38: 38: Cross-sect Auditory Autism Voice Identification | AA38: ASD | AB38: Male
A39: 7759_1 | B39: =CONCATENATE(C39,"_",D39) -> 7759_1 | C39: 7759 | D39: 1 | E39: 1 | F39: ASD | G39: 39 | H39: 39 | I39: 7759 | K39: 252 | L39: 1 | M39: 54 | N39: 8 | O39: 14 | P39: 7 | Q39: 4 | R39: 4 | S39: 60 | T39: 90 | U39: 12 | V39: 98 | W39: 106 | X39: 88 | Y39: 7759_visit1 | Z39: 38: Cross-sect Auditory Autism Voice Identification | AA39: ASD | AB39: Male
A40: 7761_1 | B40: =CONCATENATE(C40,"_",D40) -> 7761_1 | C40: 7761 | D40: 1 | E40: 1 | F40: ASD | G40: 40 | H40: 40 | I40: 7761 | K40: 128 | L40: 1 | M40: 54 | N40: 5 | O40: 27 | P40: 16 | Q40: 10 | R40: 4 | S40: 116 | T40: 111 | U40: 15 | V40: 123 | W40: 117 | X40: 122 | Y40: 7761_visit1 | Z40: 38: Cross-sect Auditory Autism Voice Identification | AA40: ASD | AB40: Male

Sheet Summary
A1: ** ASD includes 2 subjects we plan to drop | B1: =CONCATENATE("ASD (n=",ASD!#REF!,")") -> #REF! | C1: =CONCATENATE("TD (n=",TD!#REF!,")") -> #REF! | D1: chi_squared_pvalue | E1: Column1 | F1: MedianRT | G1: MeanACC | H1: ACC | I1: ADOS- New. Social Affect Total | J1: Diagnostic Total A: Qualitative Abnormalities in Reciprocal Social Interaction | K1: Diagnostic Total B - Verbal: Qualitative Abnormalities in Communication | L1: Diagnostic Total C: Restricted, Repetitive, and Stereotyped Patterns of Behavior | M1: Diagnostic Total D: Abnormality of Development Evident at or Before 36 Months | N1: WIATII Word Reading | O1: WIATII Reading Comp | P1: Age scan | Q1: WASI FSIQ | R1: WASI PIQ | S1: WASI VIQ | U1: chi-squared_test | V1: Male | W1: Female | X1: Total
A2: Gender ratio | B2: 34 M: 6 F | C2: 29 M: 11 F | D2: =_xlfn.CHISQ.TEST(V2:W3, V9:W10) -> #REF! | E2: ASD MEAN | F2: =ROUND(ASD!#REF!,3) -> #REF! | G2: =ROUND(ASD!#REF!,3) -> #REF! | H2: =ROUND(ASD!#REF!,3) -> #REF! | I2: =ROUND(ASD!#REF!,3) -> #REF! | J2: =ROUND(ASD!#REF!,3) -> #REF! | K2: =ROUND(ASD!#REF!,3) -> #REF! | L2: =ROUND(ASD!#REF!,3) -> #REF! | M2: =ROUND(ASD!#REF!,3) -> #REF! | ... S2: =ROUND(ASD!#REF!,3) -> #REF! | U2: ASD | V2: =ASD!#REF! -> #REF! | W2: =ASD!#REF! -> #REF! | X2: 39
A3: Age (years) | B3: =_xlfn.TEXTJOIN(" ",TRUE,P2, "±",Table1[[#This Row],[Age scan]]) -> #REF! | C3: =_xlfn.TEXTJOIN(" ",TRUE,P5, "±",P6) -> #REF! | E3: ASD SD | F3: =ROUND(ASD!#REF!,3) -> #REF! | G3: =ROUND(ASD!#REF!,3) -> #REF! | H3: =ROUND(ASD!#REF!,3) -> #REF! | I3: =ROUND(ASD!#REF!,3) -> #REF! | J3: =ROUND(ASD!#REF!,3) -> #REF! | K3: =ROUND(ASD!#REF!,3) -> #REF! | L3: =ROUND(ASD!#REF!,3) -> #REF! | M3: =ROUND(ASD!#REF!,3) -> #REF! | ... S3: =ROUND(ASD!#REF!,3) -> #REF! | U3: TD | V3: =TD!#REF! -> #REF! | W3: =TD!#REF! -> #REF! | X3: 40
A4: Full-scale IQ* | B4: =_xlfn.TEXTJOIN(" ",TRUE,Q2, "±",Q3) -> #REF! | C4: =_xlfn.TEXTJOIN(" ",TRUE,Q5, "±",Q6) -> #REF! | U4: Total | V4: 62 | W4: 17 | X4: 79
A5: VIQ* | B5: =_xlfn.TEXTJOIN(" ",TRUE,S2, "±",S3) -> #REF! | C5: =_xlfn.TEXTJOIN(" ",TRUE,Table1[[#This Row],[WASI VIQ]], "±",S6) -> #REF! | E5: TD MEAN | F5: =ROUND(TD!#REF!,3) -> #REF! | G5: =ROUND(TD!#REF!,3) -> #REF! | H5: =ROUND(TD!#REF!,3) -> #REF! | I5: NA | J5: NA | K5: NA | L5: NA | M5: NA | N5: =ROUND(TD!#REF!,3) -> #REF! | O5: =ROUND(TD!#REF!,3) -> #REF! | P5: =ROUND(TD!#REF!,3) -> #REF! | Q5: =ROUND(TD!#REF!,3) -> #REF! | R5: =ROUND(TD!#REF!,3) -> #REF! | S5: =ROUND(TD!#REF!,3) -> #REF!
A6: PIQ | B6: =_xlfn.TEXTJOIN(" ",TRUE,R2, "±",R3) -> #REF! | C6: =_xlfn.TEXTJOIN(" ",TRUE,R5, "±",R6) -> #REF! | E6: TD SD | F6: =ROUND(TD!#REF!,3) -> #REF! | G6: =ROUND(TD!#REF!,3) -> #REF! | H6: =ROUND(TD!#REF!,3) -> #REF! | I6: NA | J6: NA | K6: NA | L6: NA | M6: NA | N6: =ROUND(TD!#REF!,3) -> #REF! | O6: =ROUND(TD!#REF!,3) -> #REF! | P6: =ROUND(TD!#REF!,3) -> #REF! | Q6: =ROUND(TD!#REF!,3) -> #REF! | R6: =ROUND(TD!#REF!,3) -> #REF! | S6: =ROUND(TD!#REF!,3) -> #REF!
A7: ADOS social affect | B7: =_xlfn.TEXTJOIN(" ",TRUE,I2, "±",I3) -> #REF! | C7: - | U7: df (rows-1)x(cols-1) = (2-1)*(2-1)
A8: ADI -- A: Qualitative Abnormalities in Reciprocal Social Interaction | B8: =_xlfn.TEXTJOIN(" ",TRUE,J2, "±",J3) -> #REF! | V8: Expected count - Male | W8: Expected count - Female | X8: Total
A9: ADI-- B (Verbal): Qualitative Abnormalities in Communication | B9: =_xlfn.TEXTJOIN(" ",TRUE,K2, "±",K3) -> #REF! | C9: - | E9: TTEST | F9: =TTEST(ASD!K2:K40,TD!K2:K41,2,3) -> 0.9697761 | G9: =TTEST(ASD!L2:L40,TD!L2:L41,2,3) -> 0.021102944 | H9: =TTEST(TD!M2:M41,ASD!M2:M40,2,3) -> 0.02110304 | I9: NA | J9: NA | K9: NA | L9: NA | M9: NA | N9: =TTEST(ASD!S2:S40,TD!P2:P41,2,3) -> 0.12736359 | O9: =TTEST(ASD!T2:T40,TD!Q2:Q41,2,3) -> 0.0016147857 | P9: =TTEST(ASD!U2:U40,TD!R2:R41,2,3) -> 0.88151756 | Q9: =TTEST(ASD!V2:V40,TD!S2:S41,2,3) -> 0.1234564 | R9: =TTEST(ASD!W2:W40,TD!T2:T41,2,3) -> 0.44022977 | S9: =TTEST(ASD!X2:X40,TD!U2:U41,2,3) -> 0.072744374 | U9: ASD | V9: =(X2*V4)/X4 -> 30.607595 | W9: =(X2*W4)/X4 -> 8.3924051 | X9: 39
A10: ADI-- C: Restricted, Repetitive, and Stereotyped Patterns of Behavior | B10: =_xlfn.TEXTJOIN(" ",TRUE,L2, "±",L3) -> #REF! | U10: TD | V10: =(X3*V4)/X4 -> 31.392405 | W10: =(X3*W4)/X4 -> 8.6075949 | X10: 40
A11: ADI -- D: Abnormality of Development Evident at or Before 36 Months | B11: =_xlfn.TEXTJOIN(" ",TRUE,M2, "±",M3) -> #REF! | U11: Total | V11: 62 | W11: 17 | X11: 79
A12: Word reading | B12: =_xlfn.TEXTJOIN(" ",TRUE,N2, "±",N3) -> #REF! | C12: =_xlfn.TEXTJOIN(" ",TRUE,N5, "±",N6) -> #REF!
A13: Reading comprehension | B13: =_xlfn.TEXTJOIN(" ",TRUE,O2, "±",O3) -> #REF! | C13: =_xlfn.TEXTJOIN(" ",TRUE,O5, "±",O6) -> #REF! | F13: =IF(F2>F5,"ASD>TD","TD>ASD") -> #REF! | G13: =IF(G2>G5,"ASD>TD","TD>ASD") -> #REF! | H13: =IF(H2>H5,"ASD>TD","TD>ASD") -> #REF! | I13: NA | J13: NA | K13: NA | L13: NA | M13: NA | N13: =IF(N2>N5,"ASD>TD","TD>ASD") -> #REF! | O13: =IF(O2>O5,"ASD>TD","TD>ASD") -> #REF! | P13: =IF(P2>P5,"ASD>TD","TD>ASD") -> #REF! | Q13: =IF(Q2>Q5,"ASD>TD","TD>ASD") -> #REF! | R13: =IF(R2>R5,"ASD>TD","TD>ASD") -> #REF! | S13: =IF(S2>S5,"ASD>TD","TD>ASD") -> #REF! | V13: =_xlfn.CHISQ.TEST(V2:W3, V9:W10) -> #REF!
A14: Max. Motion (mm)
A15: Mother's voice ID accuracy | B15: =_xlfn.TEXTJOIN(" ",TRUE,G2, "±",G3) -> #REF! | C15: =_xlfn.TEXTJOIN(" ",TRUE,G5, "±",G6) -> #REF! | F15: *** values from above pulled form individual TD and ASD tabs
A20: ** table created using the values to the right, updating the cell values in each tab (rows 42 and 43 will update everything accordingly)
A21: ** chi squared also pulls from TD and ASD tabs where totals complete by gender, so updating those will update the p value for the chi sq tst in column D row 2
